,IForest,OCSVM,CBLOF,COF,COPOD,ECOD,HBOS,KNN,LODA,LOF,PCA,SOD
02_annthyroid_S,0.35349939828394195,0.1308560128581689,0.23602513521752672,0.1832540443963243,0.19293373406968056,0.2984247159961488,0.22868290317554724,0.22633890110736565,0.05369311170503254,0.19370117838916048,0.20692160389168074,0.22237672134766262
06_cardio_S,0.6157182148130151,0.5729078343118891,0.48664225381505644,0.12550977046359857,0.6041458978725394,0.5928251245390739,0.5195606833870804,0.3302870314630517,0.4436097579702115,0.14459462794822936,0.6523185048808671,0.215601033976919
23_mammography_S,0.18935415740485567,0.1162580512257543,0.1112131628626429,0.11749700931516466,0.40443305192171713,0.4149006654545686,0.17706131511777326,0.17263741325208978,0.143938942207114,0.11829660478884489,0.20550021393960452,0.14910638713695532
27_PageBlocks_S,0.46910987249823993,0.49653067667394,0.5666688385344185,0.3376641476120104,0.3837171767256122,0.5371938043671699,0.3336789294324981,0.37989170256139804,0.4083593704351606,0.3041363762750866,0.48271184292655755,0.3416955235157868
40_vowels_S,0.38967530006993234,0.11410848422509505,0.22346867171101306,0.4891700725570477,0.049136566626663124,0.16246935200132734,0.19503543629467213,0.7022497170747272,0.0986466088290151,0.38794950681870666,0.12728588465238455,0.20179162366684214
44_Wilt_S,0.04278310399012467,0.03531252580405719,0.036416308365545456,0.054845964797556906,0.03676884349031159,0.03794131307537722,0.037088351786549206,0.0460032642574078,0.041319013125114906,0.04721997082677962,0.030157135337733065,0.06217770598343361
47_yeast_S,0.33324819218406687,0.322699168092792,0.3284841727409774,0.3050521625138713,0.3269549003879191,0.365280329578339,0.34396123417611985,0.3209074051218457,0.36773104559116476,0.32991708079889287,0.3162449036111324,0.32162285525072953
