,IForest,OCSVM,CBLOF,COF,COPOD,ECOD,HBOS,KNN,LODA,LOF,PCA,SOD
02_annthyroid_S,0.8263874999999999,0.60606875,0.673525,0.704934375,0.795846875,0.803715625,0.6910156249999999,0.7302906250000001,0.3058546875,0.706034375,0.692759375,0.7906656249999999
06_cardio_S,0.944193462662769,0.9396757905926123,0.8512964579932425,0.5445503207926806,0.9283626286017995,0.9428267719524696,0.8748339091150678,0.7415436012300216,0.8927527428723283,0.628374017691052,0.961087278387305,0.6725257203598952
23_mammography_S,0.8495029492015087,0.8547041770323409,0.8484396316507504,0.7920035510793677,0.8987315424123266,0.9074838496107857,0.8717548752106574,0.859614497231362,0.8148097062836048,0.7647786092608938,0.8939817229756841,0.8098366904742796
27_PageBlocks_S,0.889959624350309,0.8926498471971269,0.8948537776885499,0.6732338441633765,0.8732516897544,0.9123826094715475,0.7886568962055813,0.7699971000914587,0.753280242700038,0.7019607843137257,0.8935644337370898,0.75467666019764
40_vowels_S,0.7807266982622432,0.5327014218009478,0.8951026856240126,0.8497630331753554,0.5014218009478673,0.5642969984202211,0.646129541864139,0.9717219589257504,0.6559241706161137,0.953080568720379,0.5660347551342813,0.843127962085308
44_Wilt_S,0.42972878108013246,0.3013100850938689,0.32786278732224683,0.5442687334579227,0.3308225740658173,0.3407833948374489,0.28141215979053813,0.4720954720954721,0.40827981368521904,0.4742014742014742,0.17328033544249757,0.5830210695075561
47_yeast_S,0.4295560329394915,0.44835302542069455,0.4772422126745435,0.4286385606874329,0.4063730755460079,0.4771974579305407,0.4097632474042249,0.4136680988184748,0.49250358037952024,0.47182688865019684,0.44405656999641957,0.47068564267812396
